<?xml version="1.0"?>
<!DOCTYPE hibernate-mapping PUBLIC
	"-//Hibernate/Hibernate Mapping DTD 3.0//EN"
	"http://hibernate.sourceforge.net/hibernate-mapping-3.0.dtd">
<hibernate-mapping package="com.moss.project.eneasy.model">
	<class name="Topic" table="TOPIC" dynamic-update="true"
		where="RECORD_STATUS='A'">
  	  <id name="objid" type="java.lang.String" column="OBJID" length="32">
        <generator class="uuid.hex" />
    	</id>

		<property name="name" column="NAME" />
		<property name="status" column="STATUS" />
		<property name="creationDate" column="CREATION_DATE" />
		<property name="lastChangeDate" column="LAST_CHANGE_DATE" />
		<many-to-one name="createdBy" column="CREATED_BY" not-null="false" lazy="false"/>
		<!-- 
		<many-to-one name="address" lazy="false" class="Address"
			column="ADDRESS_ID" cascade="all" unique="true" />
		<set name="stocks" table="USER_STOCK" cascade="all" lazy="false"
			order-by="CREATE_DATE desc">
			<key column="USER_ID"></key>
			<one-to-many class="com.mkk.portal.model.stockmanagement.UserStock" />
		</set>
		 -->
		<property name="recordStatus" column="RECORD_STATUS" />
		<set name="entries" cascade="none" lazy="false" table="ENTRY">
			<key column="TOPIC_ID" not-null="false"></key>
			<one-to-many class="Entry" />
		</set>		
	</class>
</hibernate-mapping>