<?xml version="1.0"?>
<!DOCTYPE hibernate-mapping PUBLIC
	"-//Hibernate/Hibernate Mapping DTD 3.0//EN"
	"http://hibernate.sourceforge.net/hibernate-mapping-3.0.dtd">
<hibernate-mapping package="com.moss.project.eneasy.model">
	<class name="UserTransaction" table="USER_TRANSACTION" dynamic-update="true"
		where="RECORD_STATUS='A'">
  	  <id name="username" type="java.lang.String" column="USERNAME">
    	</id>

		<property name="password" column="PASSWORD" />
		<property name="role" column="ROLE" />
		<property name="creationDate" column="CREATION_DATE" />
		<!-- 
		<many-to-one name="address" lazy="false" class="Address"
			column="ADDRESS_ID" cascade="all" unique="true" />
		<set name="stocks" table="USER_STOCK" cascade="all" lazy="false"
			order-by="CREATE_DATE desc">
			<key column="USER_ID"></key>
			<one-to-many class="com.mkk.portal.model.stockmanagement.UserStock" />
		</set>
		 -->
		<property name="recordStatus" column="RECORD_STATUS" />
	</class>
</hibernate-mapping>