<?xml version="1.0"?>
<!DOCTYPE hibernate-mapping PUBLIC
	"-//Hibernate/Hibernate Mapping DTD 3.0//EN"
	"http://hibernate.sourceforge.net/hibernate-mapping-3.0.dtd">
<hibernate-mapping package="com.moss.project.eneasy.model">
	<class name="UserEntity" table="USER" dynamic-update="true"
		where="RECORD_STATUS='A'">
  	  <id name="username" type="java.lang.String" column="USERNAME">
    	</id>

		<property name="password" column="PASSWORD" />
		<property name="role" column="ROLE" />
		<property name="creationDate" column="CREATION_DATE" />
		<property name="recordStatus" column="RECORD_STATUS" />
		<property name="avatar" type="binary" column="AVATAR" />		
		<set name="entries" cascade="all" lazy="false" table="ENTRY">
			<key column="CREATED_BY" not-null="false"></key>
			<one-to-many class="Entry" />
		</set>
		<set name="topics" cascade="all" lazy="false" table="TOPIC">
			<key column="CREATED_BY" not-null="false"></key>
			<one-to-many class="Topic" />
		</set>			
					
	</class>
</hibernate-mapping>