<?xml version="1.0" encoding="UTF-8"?>
<beans xmlns="http://www.springframework.org/schema/beans"
	xmlns:xsi="http://www.w3.org/2001/XMLSchema-instance"
	xmlns:context="http://www.springframework.org/schema/context"
	xmlns:security="http://www.springframework.org/schema/security"
	xmlns:tx="http://www.springframework.org/schema/tx"
	xsi:schemaLocation="
		http://www.springframework.org/schema/beans
		http://www.springframework.org/schema/beans/spring-beans-2.5.xsd
            http://www.springframework.org/schema/context
            http://www.springframework.org/schema/context/spring-context-2.5.xsd		
		http://www.springframework.org/schema/security
		http://www.springframework.org/schema/security/spring-security-2.0.4.xsd
		http://www.springframework.org/schema/tx 
		http://www.springframework.org/schema/tx/spring-tx.xsd">                        	
	<context:annotation-config/>
	<context:component-scan base-package="com.moss"/>

	<!-- Add new DAOs here -->
	<bean id="topicDAO" class="com.moss.project.eneasy.dao.TopicDAOImpl">
		<property name="sessionFactory" ref="sessionFactory"></property>
	</bean>
	<bean id="entryDAO" class="com.moss.project.eneasy.dao.EntryDAOImpl">
		<property name="sessionFactory" ref="sessionFactory"></property>
	</bean>
	<bean id="userDAO" class="com.moss.project.eneasy.dao.UserDAO">
		<property name="sessionFactory" ref="sessionFactory"></property>
	</bean>	
	<bean id="topicSearchDAO" class="com.moss.project.eneasy.dao.TopicSearchDAO">
		<property name="compass" ref="compass"></property>
	</bean>	
	
	<!-- Add new Managers here -->
	<bean id="baseService" class="com.moss.project.eneasy.business.BaseServiceImpl">
	</bean>	
	<bean id="topicService" class="com.moss.project.eneasy.business.TopicServiceImpl">
		<property name="topicDAO" ref="topicDAO"></property>
	</bean>
	<bean id="entryService" parent="baseService" class="com.moss.project.eneasy.business.EntryServiceImpl">
		<property name="entryDAO" ref="entryDAO"></property>
	</bean>
	<bean id="userService" class="com.moss.project.eneasy.business.UserServiceImpl">
		<property name="userDAO" ref="userDAO"></property>
	</bean>


	<bean id="compass" class="org.compass.spring.LocalCompassBean">
		<property name="resourceLocations">
			<list>
				<value>WEB-INF/myproject.cmd.xml</value>
				<value>WEB-INF/myproject.cpm.xml</value>
			</list>
		</property>
		<property name="compassSettings">
			<props>
				<prop key="compass.engine.connection">file://${user.home}/compass/myproject</prop>
				<prop key="compass.transaction.factory">org.compass.spring.transaction.SpringSyncTransactionFactory
				</prop>
			</props>
		</property>
		<property name="transactionManager" ref="transactionManager" />
	</bean>
		<bean id="hibernateGpsDevice"
			class="org.compass.spring.device.hibernate.dep.SpringHibernate3GpsDevice">
			<property name="name" value="hibernateDevice" />
			<property name="sessionFactory" ref="sessionFactory" />
		</bean>
		<bean id="compassGps" class="org.compass.gps.impl.SingleCompassGps"
			init-method="start" destroy-method="stop">
			<property name="compass" ref="compass" />
			<property name="gpsDevices">
				<list>
					<ref bean="hibernateGpsDevice" />
				</list>
			</property>
		</bean>

	
	<bean id="sessionFactory"
		class="org.springframework.orm.hibernate3.LocalSessionFactoryBean">
		<property name="mappingResources">
			<list>
				<value>com/moss/project/eneasy/model/Topic.hbm.xml</value>
				<value>com/moss/project/eneasy/model/Entry.hbm.xml</value>
				<value>com/moss/project/eneasy/model/UserEntity.hbm.xml</value>
			</list>
		</property>
		<property  name="configurationClass">
   			<value>org.hibernate.cfg.AnnotationConfiguration</value>
		 </property>		
		<property name="hibernateProperties">
			<props>
				<prop key="hibernate.dialect">org.hibernate.dialect.MySQLDialect</prop>
				<prop key="hibernate.show_sql">false</prop>
				<prop key="hibernate.hbm2ddl.auto">update</prop>
			</props>
		</property>

		<property name="dataSource">
			<ref bean="dataSource" />
		</property>
	</bean>
	
	<!-- Annotation driven transactions -->  
	<bean id="transactionManager" class="org.springframework.orm.hibernate3.HibernateTransactionManager">  
	 <property name="sessionFactory" ref="sessionFactory"/>  
	</bean>  
	<tx:annotation-driven/> 	
	
	<bean id="dataSource"
		class="org.springframework.jdbc.datasource.DriverManagerDataSource">
		<property name="driverClassName">
			<value>com.mysql.jdbc.Driver</value>
		</property>
		<property name="url">
			<value>jdbc:mysql://localhost/eneasy?autoReconnect=true&amp;useUnicode=true&amp;characterEncoding=utf8</value>
		</property>
		<property name="username">
			<value>root</value>
		</property>
		<property name="password">
			<value>mysql</value>
		</property>
	</bean>

	<bean id="dataSourceHSQL"
		class="org.springframework.jdbc.datasource.DriverManagerDataSource">
		<property name="driverClassName">
			<value>org.hsqldb.jdbcDriver</value>
		</property>
		<property name="url">
			<value>jdbc:hsqldb:mem:eneasy</value>
		</property>
		<property name="username">
			<value>root</value>
		</property>
		<property name="password">
			<value>root</value>
		</property>
	</bean>

	<security:global-method-security secured-annotations="enabled">
		<!-- AspectJ pointcut expression that locates our "post" method and applies 
			security that way <protect-pointcut expression="execution(* bigbank.*Service.post*(..))" 
			access="ROLE_TELLER"/> -->
			
	</security:global-method-security>

	<security:http>
		<security:form-login login-page="/index.jsp" default-target-url="/index.jsp" 
		authentication-failure-url="/pages/login/login.jsp" />
		<security:logout invalidate-session="true" logout-url="/logout.htm" logout-success-url="/redirect.jsp"/>
	</security:http>
	
	<bean id="daoAuthenticationProvider"
		class="com.moss.project.eneasy.security.MyAuthenticationProvider">
		<security:custom-authentication-provider />
	</bean>
	
	

	<bean id="authenticationManager"
		class="org.springframework.security.providers.ProviderManager">
		<property name="providers">
			<list>
				<ref local="daoAuthenticationProvider" />
			</list>
		</property>
	</bean>
	
	<bean id="userDetailsService" class="com.moss.project.eneasy.security.UserDetailsServiceImpl">
		<property name="userDAO" ref="userDAO"></property>
		<property name="assembler" ref="assembler"></property>		
	</bean>

	<bean id="assembler" class="com.moss.project.eneasy.security.Assembler">
	</bean>
	
	
  <bean id="tilesConfigurer"
     class="org.springframework.web.servlet.view.tiles2.TilesConfigurer">
        <property name="definitions">
            <list>
                <value>/WEB-INF/myTilesConfigFile.xml</value>
            </list>
        </property>
    </bean>

    <bean id="tilesViewResolver"
     class="org.springframework.web.servlet.view.UrlBasedViewResolver">
        <property name="viewClass" value="org.springframework.web.servlet.view.tiles2.TilesView" />
        <property name="prefix" value="/pages/templates/"/>
        <property name="suffix" value=".jsp"/>
    </bean>	
</beans>